NOMBRE_ENT,DEPARTAMEN
POTOSÍ,NARIÑO
PUERTO CAICEDO,PUTUMAYO
CÓRDOBA,NARIÑO
PUERRES,NARIÑO
ORITO,PUTUMAYO
CONTADERO,NARIÑO
CARMEN DE APICALÁ,TOLIMA
ESPINAL,TOLIMA
GUAMO,TOLIMA
SUÁREZ,TOLIMA
ICONONZO,TOLIMA
MELGAR,TOLIMA
VALLE DE SAN JUAN,TOLIMA
RONCESVALLES,TOLIMA
VILLAVICENCIO,META
ARBELÁEZ,CUNDINAMARCA
FLANDES,TOLIMA
GUTIÉRREZ,CUNDINAMARCA
TRUJILLO,VALLE DEL CAUCA
GÉNOVA,QUINDÍO
BUGALAGRANDE,VALLE DEL CAUCA
SAN LUIS,TOLIMA
ROVIRA,TOLIMA
GUAYABETAL,CUNDINAMARCA
FOSCA,CUNDINAMARCA
NILO,CUNDINAMARCA
CUMARAL,META
PIJAO,QUINDÍO
RICAURTE,CUNDINAMARCA
TIBACUY,CUNDINAMARCA
PASCA,CUNDINAMARCA
BUENAVISTA,QUINDÍO
QUETAME,CUNDINAMARCA
SEVILLA,VALLE DEL CAUCA
CAICEDONIA,VALLE DEL CAUCA
AGUA DE DIOS,CUNDINAMARCA
FUSAGASUGÁ,CUNDINAMARCA
UNE,CUNDINAMARCA
GIRARDOT,CUNDINAMARCA
CÓRDOBA,QUINDÍO
EL CALVARIO,META
PAPUNAUA(Cor. Departamental),VAUPÉS
GUADALUPE,HUILA
BOLÍVAR,CAUCA
MAGÜÍ (Payán),NARIÑO
LEIVA,NARIÑO
OPORAPA,HUILA
SUCRE,CAUCA
LA VEGA,CAUCA
ALTAMIRA,HUILA
CALAMAR,GUAVIARE
SAN AGUSTÍN,HUILA
FLORENCIA,CAQUETÁ
BALBOA,CAUCA
MIRANDA,CAUCA
BARAYA,HUILA
PLANADAS,TOLIMA
PUERTO TEJADA,CAUCA
FLORIDA,VALLE DEL CAUCA
MAPIRIPANA,GUAINÍA
AIPE,HUILA
CANDELARIA,VALLE DEL CAUCA
MAPIRIPÁN,META
PRADERA,VALLE DEL CAUCA
SAN JUAN DE ARAMA,META
ALPUJARRA,TOLIMA
CALI,VALLE DEL CAUCA
FUENTE DE ORO,META
MESETAS,META
GRANADA,META
ATACO,TOLIMA
NATAGAIMA,TOLIMA
YUMBO,VALLE DEL CAUCA
PALMIRA,VALLE DEL CAUCA
BARRANCO MINA,GUAINÍA
EL CASTILLO,META
EL DORADO,META
EL CERRITO,VALLE DEL CAUCA
CACAHUAL,GUAINÍA
RIOBLANCO,TOLIMA
URIBE,META
SAN MARTÍN,META
PRADO,TOLIMA
YARUMAL,ANTIOQUIA
VIJES,VALLE DEL CAUCA
GINEBRA,VALLE DEL CAUCA
DOLORES,TOLIMA
GUACARÍ,VALLE DEL CAUCA
LA CUMBRE,VALLE DEL CAUCA
RESTREPO,VALLE DEL CAUCA
COYAIMA,TOLIMA
CASTILLA LA NUEVA,META
SAN CARLOS DE GUAROA,META
VILLARRICA,TOLIMA
BUGA,VALLE DEL CAUCA
PURIFICACIÓN,TOLIMA
CUBARRAL,META
CABRERA,CUNDINAMARCA
CHAPARRAL,TOLIMA
SAN PEDRO,VALLE DEL CAUCA
YOTOCO,VALLE DEL CAUCA
CALIMA (El Darién),VALLE DEL CAUCA
GUAMAL,META
ORTEGA,TOLIMA
SAN ANTONIO,TOLIMA
VENECIA,CUNDINAMARCA
MACHETÁ,CUNDINAMARCA
QUEBRADANEGRA,CUNDINAMARCA
ZIPAQUIRÁ,CUNDINAMARCA
LA CAPILLA,BOYACÁ
NEMOCÓN,CUNDINAMARCA
MANIZALES,CALDAS
HERVEO,TOLIMA
FALAN,TOLIMA
RISARALDA,CALDAS
TAURAMENA,CASANARE
SAN JOSÉ DEL PALMAR,CHOCÓ
VERGARA,CUNDINAMARCA
NIMAIMA,CUNDINAMARCA
PÁEZ,BOYACÁ
GUASCA,CUNDINAMARCA
RESTREPO,META
ANGOSTURA,ANTIOQUIA
OROCUÉ,CASANARE
SUESCA,CUNDINAMARCA
MIRAFLORES,BOYACÁ
CHOCONTÁ,CUNDINAMARCA
ÚTICA,CUNDINAMARCA
TAUSA,CUNDINAMARCA
BELÉN DE UMBRÍA,RISARALDA
NEIRA,CALDAS
ANSERMA,CALDAS
ISTMINA,CHOCÓ
TULUÁ,VALLE DEL CAUCA
RIOFRÍO,VALLE DEL CAUCA
ACACÍAS,META
ANDALUCÍA,VALLE DEL CAUCA
SAN BERNARDO,CUNDINAMARCA
PANDI,CUNDINAMARCA
CÁQUEZA,CUNDINAMARCA
ZARZAL,VALLE DEL CAUCA
NARIÑO,CUNDINAMARCA
LA TEBAIDA,QUINDÍO
BOLÍVAR,VALLE DEL CAUCA
CHIPAQUE,CUNDINAMARCA
COELLO,TOLIMA
ROLDANILLO,VALLE DEL CAUCA
VIOTÁ,CUNDINAMARCA
SIBATÉ,CUNDINAMARCA
SAN JUANITO,META
UBAQUE,CUNDINAMARCA
LA VICTORIA,VALLE DEL CAUCA
EL LITORAL DEL SAN JUÁN (Docordó),CHOCÓ
MONTENEGRO,QUINDÍO
CAJAMARCA,TOLIMA
ARMENIA,QUINDÍO
LA VICTORIA (Pacoa),AMAZONAS
SAN MIGUEL (La Dorada),PUTUMAYO
GUATAQUÍ,CUNDINAMARCA
EL DOVIO,VALLE DEL CAUCA
TOCAIMA,CUNDINAMARCA
PUERTO LLERAS,META
EL COLEGIO,CUNDINAMARCA
APULO,CUNDINAMARCA
PIEDRAS,TOLIMA
ANAPOIMA,CUNDINAMARCA
CHOACHÍ,CUNDINAMARCA
SAN ANTONIO DE  TEQUENDAMA,CUNDINAMARCA
JERUSALÉN,CUNDINAMARCA
OBANDO,VALLE DEL CAUCA
CIRCASIA,QUINDÍO
LA PEDRERA,AMAZONAS
SANTANDER (Araracuara),AMAZONAS
MIRITÍ-PARANÁ (Campoamor),AMAZONAS
PALOCABILDO,TOLIMA
GUALMATÁN,NARIÑO
ALDANA,NARIÑO
PUPIALES,NARIÑO
ILES,NARIÑO
FUNES,NARIÑO
SOLITA,CAQUETÁ
PUERTO GUZMÁN,PUTUMAYO
OSPINA,NARIÑO
VILLAGARZÓN,PUTUMAYO
CUMBAL,NARIÑO
SAPUYES,NARIÑO
IMUÉS,NARIÑO
SOLANO,CAQUETÁ
YACUANQUER,NARIÑO
SANTIAGO,PUTUMAYO
TANGUA,NARIÑO
GUAITARILLA,NARIÑO
CURILLO,CAQUETÁ
CONSACÁ,NARIÑO
SAN FRANCISCO,PUTUMAYO
TÚQUERRES,NARIÑO
COLÓN,PUTUMAYO
PROVIDENCIA,NARIÑO
TARQUI,HUILA
ROBERTO PAYÁN (San José),NARIÑO
LA SIERRA,CAUCA
SALADOBLANCO,HUILA
ISNOS,HUILA
LA ARGENTINA,HUILA
EL PAUJIL,CAQUETÁ
ROSAS,CAUCA
GARZÓN,HUILA
EL DONCELLO,CAQUETÁ
PATÍA (El Bordo),CAUCA
SORACÁ,BOYACÁ
BUENAVISTA,BOYACÁ
SAN LUIS DE PALENQUE,CASANARE
SUTATAUSA,CUNDINAMARCA
TORIBÍO,CAUCA
LEJANÍAS,META
COLOMBIA,HUILA
DAGUA,VALLE DEL CAUCA
SALDAÑA,TOLIMA
FRESNO,TOLIMA
PACHO,CUNDINAMARCA
CUCUNUBÁ,CUNDINAMARCA
BERBEO,BOYACÁ
MANZANARES,CALDAS
PITAL,HUILA
AGRADO,HUILA
SOTARÁ (Paispamba),CAUCA
PURACÉ (Coconuco),CAUCA
INZÁ,CAUCA
EL RETORNO,GUAVIARE
TIMBÍO,CAUCA
PAICOL,HUILA
LA PLATA,HUILA
SAN FELIPE,GUAINÍA
ARGELIA,CAUCA
GIGANTE,HUILA
POPAYÁN,CAUCA
TOTORÓ,CAUCA
PUERTO RICO,CAQUETÁ
MOSQUERA,NARIÑO
OLAYA HERRERA (Bocas de Satinga),NARIÑO
SANTA BÁRBARA (Iscuandé),NARIÑO
TESALIA,HUILA
LA TOLA,NARIÑO
ÁREA EN LITIGIO,CAUCA
NÁTAGA,HUILA
EL CHARCO,NARIÑO
GUAPI,CAUCA
CAJIBÍO,CAUCA
YAGUARÁ,HUILA
CAMPOALEGRE,HUILA
SILVIA,CAUCA
EL TAMBO,CAUCA
PIENDAMÓ,CAUCA
RIVERA,HUILA
MORICHAL (Morichal Nuevo),GUAINÍA
SAN JOSÉ DEL GUAVIARE,GUAVIARE
TIMBIQUÍ,CAUCA
SAN VICENTE DEL CAGUÁN,CAQUETÁ
MORALES,CAUCA
TERUEL,HUILA
PUERTO CONCORDIA,META
SANTA MARÍA,HUILA
PÁEZ (Belalcázar),CAUCA
PUERTO RICO,META
PALERMO,HUILA
BUENOS AIRES,CAUCA
SANTANDER DE QUILICHAO,CAUCA
TELLO,HUILA
CALOTO,CAUCA
GUACHENE,CAUCA
VISTAHERMOSA,META
CORINTO,CAUCA
SUÁREZ,CAUCA
PADILLA,CAUCA
LÓPEZ,CAUCA
VILLA RICA,CAUCA
NEIVA,HUILA
SUTATENZA,BOYACÁ
GUATEQUE,BOYACÁ
VILLAHERMOSA,TOLIMA
MONTERREY,CASANARE
BELALCAZAR,CALDAS
LA VEGA,CUNDINAMARCA
MANTA,CUNDINAMARCA
VILLETA,CUNDINAMARCA
MANÍ,CASANARE
CHINCHINÁ,CALDAS
SESQUILÉ,CUNDINAMARCA
NOCAIMA,CUNDINAMARCA
CAMPOHERMOSO,BOYACÁ
SUPATÁ,CUNDINAMARCA
CASABIANCA,TOLIMA
SAN JOSÉ,CALDAS
MEDIO SAN JUAN (Andagoya),CHOCÓ
VITERBO,CALDAS
SANTUARIO,RISARALDA
PALESTINA,CALDAS
MARMATO,CALDAS
SUPIA,CALDAS
PENSILVANIA,CALDAS
SAN EDUARDO,BOYACÁ
MARIQUITA,TOLIMA
HONDA,TOLIMA
EL PEÑÓN,CUNDINAMARCA
VILLAGÓMEZ,CUNDINAMARCA
ARANZAZU,CALDAS
MARQUETALIA,CALDAS
JENESANO,BOYACÁ
ANCUYA,NARIÑO
SIBUNDOY,PUTUMAYO
PASTO,NARIÑO
VALPARAÍSO,CAQUETÁ
NARIÑO,NARIÑO
MILÁN,CAQUETÁ
ALBANIA,CAQUETÁ
SANDONÁ,NARIÑO
MALLAMA (Piedrancha),NARIÑO
LA FLORIDA,NARIÑO
BUESACO,NARIÑO
SANTA CRUZ (Guachavés),NARIÑO
MOCOA,PUTUMAYO
RICAURTE,NARIÑO
LINARES,NARIÑO
ALBÁN (San José),NARIÑO
EL TABLÓN,NARIÑO
CHACHAGUÍ,NARIÑO
ARBOLEDA (Berruecos),NARIÑO
EL TAMBO,NARIÑO
CARTAGENA DEL CHAIRÁ,CAQUETÁ
SAN BERNARDO,NARIÑO
MORELIA,CAQUETÁ
SAN JOSÉ DEL FRAGUA,CAQUETÁ
PIAMONTE,CAUCA
SAN PEDRO DE CARTAGO (Cartago),NARIÑO
EL PEÑOL,NARIÑO
BELÉN,NARIÑO
LA CRUZ,NARIÑO
LA LLANADA,NARIÑO
SAN LORENZO,NARIÑO
COLÓN (Génova),NARIÑO
TAMINANGO,NARIÑO
LA UNIÓN,NARIÑO
SAN PABLO,NARIÑO
CARURÚ,VAUPÉS
BELÉN DE LOS ANDAQUÍES,CAQUETÁ
MONTAÑITA,CAQUETÁ
GUÁTICA,RISARALDA
SANTA ROSALÍA,VICHADA
QUINCHÍA,RISARALDA
UNIÓN PANAMERICANA ( Animas),CHOCÓ
TADÓ,CHOCÓ
OICATÁ,BOYACÁ
NARIÑO,ANTIOQUIA
BAGADÓ,CHOCÓ
RIO QUITO (Paimadó),CHOCÓ
ATRATO (Yuto),CHOCÓ
LABRANZAGRANDE,BOYACÁ
CHÍQUIZA,BOYACÁ
SIPÍ,CHOCÓ
QUIPILE,CUNDINAMARCA
FUNZA,CUNDINAMARCA
GACHALÁ,CUNDINAMARCA
ZIPACÓN,CUNDINAMARCA
TENA,CUNDINAMARCA
IBAGUÉ,TOLIMA
ALVARADO,TOLIMA
VERSALLES,VALLE DEL CAUCA
SALENTO,QUINDÍO
ANZOÁTEGUI,TOLIMA
LA MESA,CUNDINAMARCA
VILLANUEVA,CASANARE
ALCALÁ,VALLE DEL CAUCA
LA VICTORIA,BOYACÁ
CAPARRAPÍ,CUNDINAMARCA
SAMACÁ,BOYACÁ
BAJO BAUDÓ (Pizarro),CHOCÓ
RIOSUCIO,CALDAS
CUMARIBO,VICHADA
CUCAITA,BOYACÁ
MISTRATÓ,RISARALDA
TRINIDAD,CASANARE
SIMIJACA,CUNDINAMARCA
PÁCORA,CALDAS
TUNJA,BOYACÁ
TOTA,BOYACÁ
SAN MIGUEL DE SEMA,BOYACÁ
VICTORIA,CALDAS
CARAMANTA,ANTIOQUIA
PINCHOTE,SANTANDER
LANDÁZURI,SANTANDER
CHIQUINQUIRÁ,BOYACÁ
FIRAVITOBA,BOYACÁ
NUNCHÍA,CASANARE
AGUADAS,CALDAS
TUTA,BOYACÁ
SANTA ROSA DE OSOS,ANTIOQUIA
SAMANÁ,CALDAS
NORCASIA,CALDAS
MONGUÍ,BOYACÁ
SAN PABLO DE BORBUR,BOYACÁ
INÍRIDA,GUAINÍA
VALLE DEL GUAMUEZ (La Hormiga),PUTUMAYO
CUASPUD (Carlosama),NARIÑO
MEDINA,CUNDINAMARCA
FÓMEQUE,CUNDINAMARCA
PALESTINA,HUILA
BARBACOAS,NARIÑO
LOS ANDES (Sotomayor),NARIÑO
SANTA ROSA,CAUCA
POLICARPA,NARIÑO
CUMBITARA,NARIÑO
SAN SEBASTIÁN,CAUCA
PITALITO,HUILA
ALMAGUER,CAUCA
EL ROSARIO,NARIÑO
SUAZA,HUILA
TIMANÁ,HUILA
ELÍAS,HUILA
MARSELLA,RISARALDA
GACHANCIPÁ,CUNDINAMARCA
VILLAMARIA,CALDAS
NUEVO COLÓN,BOYACÁ
TOPAIPÍ,CUNDINAMARCA
SAN CAYETANO,CUNDINAMARCA
LA PALMA,CUNDINAMARCA
GUADUAS,CUNDINAMARCA
PUEBLO RICO,RISARALDA
CIÉNEGA,BOYACÁ
LA MERCED,CALDAS
GUACHETÁ,CUNDINAMARCA
CHÁMEZA,CASANARE
PUERTO BOYACÁ,BOYACÁ
VILLAVIEJA,HUILA
SALAMINA,CALDAS
CARMEN DE CARUPA,CUNDINAMARCA
VENTAQUEMADA,BOYACÁ
PAIME,CUNDINAMARCA
BOYACÁ,BOYACÁ
FÚQUENE,CUNDINAMARCA
PAJARITO,BOYACÁ
CÉRTEGUI,CHOCÓ
SUSA,CUNDINAMARCA
EL CANTÓN DEL SAN PABLO (Managrú),CHOCÓ
COPER,BOYACÁ
PACHAVITA,BOYACÁ
VILLAPINZÓN,CUNDINAMARCA
TURMEQUÉ,BOYACÁ
AGUAZUL,CASANARE
ZETAQUIRÁ,BOYACÁ
UBATÉ,CUNDINAMARCA
FILADELFIA,CALDAS
MARULANDA,CALDAS
LENGUAZAQUE,CUNDINAMARCA
RECETOR,CASANARE
MEDIO BAUDÓ(Boca de Pepé),CHOCÓ
PANÁ-PANÁ (Campo Alegre),GUAINÍA
EL PEÑÓN,SANTANDER
ENCINO,SANTANDER
HELICONIA,ANTIOQUIA
SUSACÓN,BOYACÁ
PUERTO CARREÑO,VICHADA
GUAPOTÁ,SANTANDER
SOATÁ,BOYACÁ
ANZÁ,ANTIOQUIA
COPACABANA,ANTIOQUIA
CONCEPCIÓN,ANTIOQUIA
SAN MATEO,BOYACÁ
SAN JERÓNIMO,ANTIOQUIA
YALÍ,ANTIOQUIA
EL CARMEN,SANTANDER
FRONTINO,ANTIOQUIA
CONCEPCIÓN,SANTANDER
ARGELIA,ANTIOQUIA
MONGUA,BOYACÁ
FILANDIA,QUINDÍO
TORO,VALLE DEL CAUCA
BARRANCA DE UPÍA,META
MOSQUERA,CUNDINAMARCA
ULLOA,VALLE DEL CAUCA
PARATEBUENO,CUNDINAMARCA
PULÍ,CUNDINAMARCA
BOJACÁ,CUNDINAMARCA
UBALÁ,CUNDINAMARCA
CACHIPAY,CUNDINAMARCA
ARGELIA,VALLE DEL CAUCA
GAMA,CUNDINAMARCA
PALMAR,SANTANDER
SAN JOAQUÍN,SANTANDER
DON MATÍAS,ANTIOQUIA
COVARACHÍA,BOYACÁ
SAN CALIXTO,NORTE DE SANTANDER
FRANCISCO PIZARRO (Salahonda),NARIÑO
SINCÉ,SUCRE
SAN JUAN DE BETULIA (Betulia),SUCRE
PALMITO,SUCRE
SINCELEJO,SUCRE
TALAIGUA NUEVO,BOLÍVAR
SAN ANTERO,CÓRDOBA
SAN BERNARDO DEL VIENTO,CÓRDOBA
BUENAVISTA,SUCRE
SAN PEDRO,SUCRE
MORROA,SUCRE
SAN ZENÓN,MAGDALENA
CHIMICHAGUA,CESAR
SAN SEBASTIÁN DE BUENAVISTA,MAGDALENA
LOS PALMITOS,SUCRE
TOLUVIEJO,SUCRE
ASTREA,CESAR
COLOSÓ,SUCRE
CHALÁN,SUCRE
SANTA BÁRBARA DE PINTO,MAGDALENA
TOLÚ,SUCRE
CÓRDOBA,BOLÍVAR
NÓVITA,CHOCÓ
CHITARAQUE,BOYACÁ
PAZ DE RIO,BOYACÁ
COCORNÁ,ANTIOQUIA
TITIRIBÍ,ANTIOQUIA
SUCRE,SANTANDER
CARTAGO,VALLE DEL CAUCA
SANTA ISABEL,TOLIMA
VENADILLO,TOLIMA
LA CALERA,CUNDINAMARCA
JUNÍN,CUNDINAMARCA
"BOGOTÁ, D.C.",CUNDINAMARCA
EL CAIRO,VALLE DEL CAUCA
BELTRÁN,CUNDINAMARCA
COTA,CUNDINAMARCA
ANOLAIMA,CUNDINAMARCA
MADRID,CUNDINAMARCA
ANSERMANUEVO,VALLE DEL CAUCA
DOSQUEBRADAS,RISARALDA
PUERTO GAITÁN,META
FACATATIVÁ,CUNDINAMARCA
SORA,BOYACÁ
CUÍTIVA,BOYACÁ
TINJACÁ,BOYACÁ
SÁCHICA,BOYACÁ
OLAYA,ANTIOQUIA
ENTRERRIOS,ANTIOQUIA
SANTA FE DE ANTIOQUIA,ANTIOQUIA
SAN JOSÉ DE MIRANDA,SANTANDER
CURITÍ,SANTANDER
TAME,ARAUCA
ENCISO,SANTANDER
CAÑASGORDAS,ANTIOQUIA
VEGACHÍ,ANTIOQUIA
URAMITA,ANTIOQUIA
ZAPATOCA,SANTANDER
SAN ANDRÉS,ANTIOQUIA
MURINDÓ,ANTIOQUIA
VALPARAISO,ANTIOQUIA
SOGAMOSO,BOYACÁ
ANDES,ANTIOQUIA
LA DORADA,CALDAS
TÁMESIS,ANTIOQUIA
PISVA,BOYACÁ
ALBANIA,SANTANDER
SAN LUIS DE GACENO,BOYACÁ
GUAYATÁ,BOYACÁ
LÍBANO,TOLIMA
SABANALARGA,CASANARE
CHAGUANÍ,CUNDINAMARCA
ALMEIDA,BOYACÁ
SOMONDOCO,BOYACÁ
SASAIMA,CUNDINAMARCA
TOCANCIPÁ,CUNDINAMARCA
SAN FRANCISCO,CUNDINAMARCA
EL ÁGUILA,VALLE DEL CAUCA
LA CELIA,RISARALDA
SOCHA,BOYACÁ
TÁMARA,CASANARE
LA CEJA,ANTIOQUIA
SALGAR,ANTIOQUIA
GÜEPSA,SANTANDER
CALDAS,BOYACÁ
QUÍPAMA,BOYACÁ
AQUITANIA,BOYACÁ
PESCA,BOYACÁ
MARIPÍ,BOYACÁ
TOCA,BOYACÁ
JARDÍN,ANTIOQUIA
CAJICÁ,CUNDINAMARCA
BALBOA,RISARALDA
CHIMA,SANTANDER
TIPACOQUE,BOYACÁ
VALLE DE SAN JOSÉ,SANTANDER
GUACAMAYAS,BOYACÁ
PANQUEBA,BOYACÁ
PÁRAMO,SANTANDER
CAICEDO,ANTIOQUIA
BARBOSA,ANTIOQUIA
SANTA HELENA DEL OPÓN,SANTANDER
CALARCÁ,QUINDÍO
LA UNIÓN,VALLE DEL CAUCA
SOACHA,CUNDINAMARCA
QUIMBAYA,QUINDÍO
LA CHORRERA,AMAZONAS
SAN PEDRO,ANTIOQUIA
SOCORRO,SANTANDER
ONZAGA,SANTANDER
SAN ROQUE,ANTIOQUIA
EL ESPINO,BOYACÁ
SANTO DOMINGO,ANTIOQUIA
VÉLEZ,SANTANDER
CISNEROS,ANTIOQUIA
MACARAVITA,SANTANDER
CAPITANEJO,SANTANDER
URRAO,ANTIOQUIA
SAN MIGUEL,SANTANDER
PUERTO RONDÓN,ARAUCA
CABRERA,SANTANDER
SOPETRÁN,ANTIOQUIA
HATO,SANTANDER
CRAVO NORTE,ARAUCA
MOGOTES,SANTANDER
SAN GIL,SANTANDER
MACEO,ANTIOQUIA
PALMAS DEL SOCORRO,SANTANDER
GIRARDOTA,ANTIOQUIA
EL COCUY,BOYACÁ
BOAVITA,BOYACÁ
CARACOLÍ,ANTIOQUIA
BARBOSA,SANTANDER
FREDONIA,ANTIOQUIA
SAN FRANCISCO,ANTIOQUIA
PAIPA,BOYACÁ
VENECIA,ANTIOQUIA
NUQUÍ,CHOCÓ
CERINZA,BOYACÁ
EL CARMEN,CHOCÓ
SANTA BÁRBARA,ANTIOQUIA
DUITAMA,BOYACÁ
LA BELLEZA,SANTANDER
LA UNIÓN,ANTIOQUIA
ALTO BAUDÓ (Pie de Pato),CHOCÓ
PUERTO TRIUNFO,ANTIOQUIA
LA MACARENA,META
HOBO,HUILA
ALGECIRAS,HUILA
ÍQUIRA,HUILA
CALDONO,CAUCA
JAMBALÓ,CAUCA
CUBARÁ,BOYACÁ
SABANALARGA,ANTIOQUIA
SARAVENA,ARAUCA
GUACA,SANTANDER
TOLEDO,ANTIOQUIA
ARAUCA,ARAUCA
PIEDECUESTA,SANTANDER
SANTA BÁRBARA,SANTANDER
SAN VICENTE DE CHUCURÍ,SANTANDER
FLORIDABLANCA,SANTANDER
BETULIA,SANTANDER
DABEIBA,ANTIOQUIA
CAMPAMENTO,ANTIOQUIA
GIRÓN,SANTANDER
PEQUE,ANTIOQUIA
BRICEÑO,ANTIOQUIA
BARRANCABERMEJA,SANTANDER
TONA,SANTANDER
BUCARAMANGA,SANTANDER
REMEDIOS,ANTIOQUIA
AMALFI,ANTIOQUIA
YONDÓ (Casabe),ANTIOQUIA
SILOS,NORTE DE SANTANDER
CARMEN DEL DARIÉN  (Curbaradó),CHOCÓ
CHARTA,SANTANDER
SABOYÁ,BOYACÁ
PUERTO SALGAR,CUNDINAMARCA
SANTA SOFÍA,BOYACÁ
BETANIA,ANTIOQUIA
TÓPAGA,BOYACÁ
GACHANTIVÁ,BOYACÁ
CÓMBITA,BOYACÁ
NOBSA,BOYACÁ
AMAGÁ,ANTIOQUIA
BELÉN,BOYACÁ
SATIVASUR,BOYACÁ
SANTANA,BOYACÁ
SOCOTÁ,BOYACÁ
CALDAS,ANTIOQUIA
PAZ DE ARIPORO,CASANARE
SAN LUIS,ANTIOQUIA
TENJO,CUNDINAMARCA
PEREIRA,RISARALDA
CHÍA,CUNDINAMARCA
MURILLO,TOLIMA
CHIVOR,BOYACÁ
LA VIRGINIA,RISARALDA
BITUIMA,CUNDINAMARCA
EL ROSAL,CUNDINAMARCA
AMBALEMA,TOLIMA
ALBÁN,CUNDINAMARCA
GACHETÁ,CUNDINAMARCA
VIANÍ,CUNDINAMARCA
LÉRIDA,TOLIMA
SANTA ROSA DE CABAL,RISARALDA
SANTA MARÍA,BOYACÁ
SAN JUAN DE RIOSECO,CUNDINAMARCA
EL GUACAMAYO,SANTANDER
OIBA,SANTANDER
GUATAPÉ,ANTIOQUIA
SAN CARLOS,ANTIOQUIA
QUIBDÓ,CHOCÓ
LA SALINA,CASANARE
PEÑOL,ANTIOQUIA
GUARNE,ANTIOQUIA
LA UVITA,BOYACÁ
CONTRATACIÓN,SANTANDER
COROMORO,SANTANDER
LA PAZ,SANTANDER
CHARALÁ,SANTANDER
SAN VICENTE,ANTIOQUIA
OCAMONTE,SANTANDER
SAN RAFAEL,ANTIOQUIA
CONFINES,SANTANDER
ALEJANDRÍA,ANTIOQUIA
EBÉJICO,ANTIOQUIA
BELLO,ANTIOQUIA
TIBASOSA,BOYACÁ
LA PINTADA,ANTIOQUIA
YACOPÍ,CUNDINAMARCA
PORE,CASANARE
HISPANIA,ANTIOQUIA
ARCABUCO,BOYACÁ
MOLAGAVITA,SANTANDER
BARICHARA,SANTANDER
CHIPATÁ,SANTANDER
SÁCAMA,CASANARE
CARMEN DE VIBORAL,ANTIOQUIA
TUTAZÁ,BOYACÁ
CONCORDIA,ANTIOQUIA
SABANETA,ANTIOQUIA
SAN BENITO,SANTANDER
SANTUARIO,ANTIOQUIA
SATIVANORTE,BOYACÁ
ENVIGADO,ANTIOQUIA
ANGELÓPOLIS,ANTIOQUIA
RETIRO,ANTIOQUIA
SUAITA,SANTANDER
JERICÓ,BOYACÁ
PUERTO BERRÍO,ANTIOQUIA
CARCASÍ,SANTANDER
GUICÁN,BOYACÁ
VILLANUEVA,SANTANDER
CIMITARRA,SANTANDER
GALÁN,SANTANDER
MÁLAGA,SANTANDER
BELMIRA,ANTIOQUIA
LIBORINA,ANTIOQUIA
BAHÍA SOLANO (Mutis),CHOCÓ
CEPITÁ,SANTANDER
CAROLINA,ANTIOQUIA
ARATOCA,SANTANDER
YOLOMBÓ,ANTIOQUIA
VIGIA DEL FUERTE,ANTIOQUIA
GÓMEZ PLATA,ANTIOQUIA
CHISCAS,BOYACÁ
BOJAYÁ (Bellavista),CHOCÓ
FORTUL,ARAUCA
SAN JOSÉ DE LA MONTAÑA,ANTIOQUIA
PUERTO PARRA,SANTANDER
LOS SANTOS,SANTANDER
SIMACOTA,SANTANDER
GUADALUPE,ANTIOQUIA
SAN ANDRÉS,SANTANDER
BURITICÁ,ANTIOQUIA
VALENCIA,CÓRDOBA
SAN JACINTO DEL CAUCA,BOLÍVAR
MONTECRISTO,BOLÍVAR
GONZÁLEZ,CESAR
MORALES,BOLÍVAR
ARENAL,BOLÍVAR
GAMARRA,CESAR
AYAPEL,CÓRDOBA
AGUACHICA,CESAR
GUARANDA,SUCRE
HACARÍ,NORTE DE SANTANDER
SAN CAYETANO,NORTE DE SANTANDER
CUCUTILLA,NORTE DE SANTANDER
PLANETA RICA,CÓRDOBA
SAN PEDRO DE URABÁ,ANTIOQUIA
NOROSI,BOLÍVAR
PUEBLO NUEVO,CÓRDOBA
TIQUISIO (Puerto Rico),BOLÍVAR
RIOVIEJO,BOLÍVAR
NECOCLÍ,ANTIOQUIA
SAN MARCOS,SUCRE
MAJAGUAL,SUCRE
SAN JUAN DE URABÁ,ANTIOQUIA
LA GLORIA,CESAR
CANALETE,CÓRDOBA
CUNDAY,TOLIMA
SILVANIA,CUNDINAMARCA
GRANADA,CUNDINAMARCA
MEDIO ATRATO (Beté),CHOCÓ
LA PRIMAVERA,VICHADA
GRANADA,ANTIOQUIA
RIONEGRO,ANTIOQUIA
ARMENIA,ANTIOQUIA
AGUADA,SANTANDER
MARINILLA,ANTIOQUIA
BOLIVAR,SANTANDER
BETULIA,ANTIOQUIA
PUERTO NARE,ANTIOQUIA
HATO COROZAL,CASANARE
CHITA,BOYACÁ
GUADALUPE,SANTANDER
FLORIÁN,SANTANDER
GÁMEZA,BOYACÁ
JERICÓ,ANTIOQUIA
SOTAQUIRÁ,BOYACÁ
BUSBANZÁ,BOYACÁ
CORRALES,BOYACÁ
PUEBLORRICO,ANTIOQUIA
JESÚS MARÍA,SANTANDER
SONSÓN,ANTIOQUIA
PUENTE NACIONAL,SANTANDER
FLORESTA,BOYACÁ
CIUDAD BOLÍVAR,ANTIOQUIA
ABEJORRAL,ANTIOQUIA
MONIQUIRÁ,BOYACÁ
MONTEBELLO,ANTIOQUIA
BETÉITIVA,BOYACÁ
TOGÜÍ,BOYACÁ
GIRALDO,ANTIOQUIA
JORDÁN,SANTANDER
ABRIAQUÍ,ANTIOQUIA
SANTA LUCÍA,ATLÁNTICO
EL COPEY,CESAR
SOPLAVIENTO,BOLÍVAR
SAN CRISTOBAL,BOLÍVAR
TURBACO,BOLÍVAR
SAN ESTANISLAO,BOLÍVAR
EL PIÑÓN,MAGDALENA
CAMPO DE LA CRUZ,ATLÁNTICO
VILLANUEVA,BOLÍVAR
MANATÍ,ATLÁNTICO
SANTA ROSA,BOLÍVAR
REGIDOR,BOLÍVAR
ACHÍ,BOLÍVAR
ALTOS DEL ROSARIO,BOLÍVAR
SAN CARLOS,CÓRDOBA
ARBOLETES,ANTIOQUIA
PELAYA,CESAR
LA UNIÓN,SUCRE
CAIMITO,SUCRE
LOS CÓRDOBAS,CÓRDOBA
MONTERÍA,CÓRDOBA
BARRANCO DE LOBA,BOLÍVAR
CERETÉ,CÓRDOBA
OCAÑA,NORTE DE SANTANDER
GÁMBITA,SANTANDER
SAN MARTIN DE LOBA,BOLÍVAR
EL PEÑÓN,BOLÍVAR
SAHAGÚN,CÓRDOBA
DIBULLA,LA GUAJIRA
SANTA MARTA,MAGDALENA
CONCORDIA,MAGDALENA
MAHATES,BOLÍVAR
VETAS,SANTANDER
CALIFORNIA,SANTANDER
ITUANGO,ANTIOQUIA
LEBRIJA,SANTANDER
CANTAGALLO,BOLÍVAR
VALDIVIA,ANTIOQUIA
ANORÍ,ANTIOQUIA
MATANZA,SANTANDER
SEGOVIA,ANTIOQUIA
MUTATÁ,ANTIOQUIA
HERRÁN,NORTE DE SANTANDER
PAMPLONITA,NORTE DE SANTANDER
EL PLAYÓN,SANTANDER
ÁBREGO,NORTE DE SANTANDER
SALAZAR,NORTE DE SANTANDER
LABATECA,NORTE DE SANTANDER
CERRITO,SANTANDER
CHITAGÁ,NORTE DE SANTANDER
RIOSUCIO,CHOCÓ
SABANA DE TORRES,SANTANDER
SAN PABLO,BOLÍVAR
PANÁ-PANÁ (Campo Alegre),GUAINÍA
PANÁ-PANÁ (Campo Alegre),GUAINÍA
PANÁ-PANÁ (Campo Alegre),GUAINÍA
PANÁ-PANÁ (Campo Alegre),GUAINÍA
ZARAGOZA,ANTIOQUIA
TARAZÁ,ANTIOQUIA
CHIGORODÓ,ANTIOQUIA
LA ESPERANZA,NORTE DE SANTANDER
SAN JOSE DE URE,CÓRDOBA
CÁCERES,ANTIOQUIA
SANTIAGO,NORTE DE SANTANDER
SAN ALBERTO,CESAR
EL BAGRE,ANTIOQUIA
HATILLO DE LOBA,BOLÍVAR
CIÉNAGA DE ORO,CÓRDOBA
SUCRE,SUCRE
TAMALAMEQUE,CESAR
PAILITAS,CESAR
SAN PELAYO,CÓRDOBA
GRAMALOTE,NORTE DE SANTANDER
DURANIA,NORTE DE SANTANDER
CÁCHIRA,NORTE DE SANTANDER
PAMPLONA,NORTE DE SANTANDER
CHINÁCOTA,NORTE DE SANTANDER
MERCADERES,CAUCA
MIRAFLORES,GUAVIARE
MACANAL,BOYACÁ
MAGANGUÉ,BOLÍVAR
PANÁ-PANÁ (Campo Alegre),GUAINÍA
SUBACHOQUE,CUNDINAMARCA
TENZA,BOYACÁ
TIBIRITA,CUNDINAMARCA
ARMERO (Guayabal),TOLIMA
GARAGOA,BOYACÁ
COGUA,CUNDINAMARCA
CONDOTO,CHOCÓ
APÍA,RISARALDA
RIO IRÓ (Santa Rita),CHOCÓ
LA PEÑA,CUNDINAMARCA
YOPAL,CASANARE
RÁQUIRA,BOYACÁ
MUZO,BOYACÁ
CHIVATÁ,BOYACÁ
IZA,BOYACÁ
ARROYOHONDO,BOLÍVAR
ARJONA,BOLÍVAR
SUAN,ATLÁNTICO
SAN DIEGO,CESAR
CALAMAR,BOLÍVAR
CERRO DE SAN ANTONIO,MAGDALENA
ALGARROBO,MAGDALENA
MUTISCUA,NORTE DE SANTANDER
JAMUNDÍ,VALLE DEL CAUCA
PINILLOS,BOLÍVAR
SAN BENITO ABAD,SUCRE
PUERTO ESCONDIDO,CÓRDOBA
COTORRA,CÓRDOBA
CHINÚ,CÓRDOBA
EL ROBLE,SUCRE
MARGARITA,BOLÍVAR
GALERAS,SUCRE
SAN FERNANDO,BOLÍVAR
CHIMA,CÓRDOBA
SAMPUÉS,SUCRE
SAN ANDRÉS DE SOTAVENTO,CÓRDOBA
MOMPÓS,BOLÍVAR
TUCHÍN,CÓRDOBA
CICUCO,BOLÍVAR
MOÑITOS,CÓRDOBA
COROZAL,SUCRE
MOMIL,CÓRDOBA
PURÍSIMA,CÓRDOBA
GUAMAL,MAGDALENA
EL BANCO,MAGDALENA
CONVENCIÓN,NORTE DE SANTANDER
TEORAMA,NORTE DE SANTANDER
LOURDES,NORTE DE SANTANDER
PUERTO LIBERTADOR,CÓRDOBA
APARTADÓ,ANTIOQUIA
CAUCASIA,ANTIOQUIA
EL ZULIA,NORTE DE SANTANDER
RIONEGRO,SANTANDER
SAN MARTÍN,CESAR
LA APARTADA,CÓRDOBA
PUERTO WILCHES,SANTANDER
MONTELÍBANO,CÓRDOBA
SANTA ROSA DEL SUR,BOLÍVAR
SIMITÍ,BOLÍVAR
NECHÍ,ANTIOQUIA
TIERRALTA,CÓRDOBA
RIO DE ORO,CESAR
LA PLAYA,NORTE DE SANTANDER
BUENAVISTA,CÓRDOBA
PUERTO SANTANDER,NORTE DE SANTANDER
REPELÓN,ATLÁNTICO
EL GUAMO,BOLÍVAR
ZAPAYÁN,MAGDALENA
TUBARÁ,ATLÁNTICO
SITIONUEVO,MAGDALENA
PIJIÑO  DEL CARMEN,MAGDALENA
SANTA ANA,MAGDALENA
ZAMBRANO,BOLÍVAR
EL CARMEN DE BOLÍVAR,BOLÍVAR
ITAGÜÍ,ANTIOQUIA
EL PASO,CESAR
SAN JACINTO,BOLÍVAR
NUEVA GRANADA,MAGDALENA
ARIGUANÍ (El Dificil),MAGDALENA
TENERIFE,MAGDALENA
PLATO,MAGDALENA
BOSCONIA,CESAR
MARÍA LA BAJA,BOLÍVAR
SAN JUAN NEPOMUCENO,BOLÍVAR
SAN ONOFRE,SUCRE
CHIVOLO,MAGDALENA
PEDRAZA,MAGDALENA
JUAN DE ACOSTA,ATLÁNTICO
MALAMBO,ATLÁNTICO
VILLA DEL ROSARIO,NORTE DE SANTANDER
CÚCUTA,NORTE DE SANTANDER
EL ENCANTO,AMAZONAS
ARAUQUITA,ARAUCA
TARAIRA,VAUPÉS
PACOA (Cor. Departamental),VAUPÉS
PUERTO LEGUÍZAMO,PUTUMAYO
PUERTO ASÍS,PUTUMAYO
PUERTO ALEGRÍA,AMAZONAS
CLEMENCIA,BOLÍVAR
PIVIJAY,MAGDALENA
SABANALARGA,ATLÁNTICO
PONEDERA,ATLÁNTICO
PUEBLO BELLO,CESAR
PALMAR DE VARELA,ATLÁNTICO
REMOLINO,MAGDALENA
SANTO TOMÁS,ATLÁNTICO
PIOJÓ,ATLÁNTICO
SABANAGRANDE,ATLÁNTICO
BARANOA,ATLÁNTICO
VALLEDUPAR,CESAR
ARACATACA,MAGDALENA
USIACURÍ,ATLÁNTICO
LORICA,CÓRDOBA
MANAURE,LA GUAJIRA
SAN ANDRÉS,SAN ANDRÉS PROVIDENCIA Y SANTA CATALINA
GUACHUCAL,NARIÑO
SAMANIEGO,NARIÑO
FLORENCIA,CAUCA
ACEVEDO,HUILA
MOTAVITA,BOYACÁ
SUTAMARCHÁN,BOYACÁ
VILLA DE LEIVA,BOYACÁ
LLORÓ,CHOCÓ
PAYA,BOYACÁ
GUAYABAL DE SÍQUIMA,CUNDINAMARCA
SOPÓ,CUNDINAMARCA
GUATAVITA,CUNDINAMARCA
TABIO,CUNDINAMARCA
OTANCHE,BOYACÁ
TARSO,ANTIOQUIA
TASCO,BOYACÁ
GUAVATÁ,SANTANDER
SANTA ROSA DE VITERBO,BOYACÁ
SAN JOSÉ DE PARE,BOYACÁ
CAREPA,ANTIOQUIA
OVEJAS,SUCRE
FUNDACIÓN,MAGDALENA
EL RETÉN,MAGDALENA
POLONUEVO,ATLÁNTICO
PUERTO ARICA,AMAZONAS
CANDELARIA,ATLÁNTICO
SALAMINA,MAGDALENA
SOLEDAD,ATLÁNTICO
GALAPA,ATLÁNTICO
ZONA BANANERA,MAGDALENA
PUEBLOVIEJO,MAGDALENA
CIÉNAGA,MAGDALENA
BARRANQUILLA,ATLÁNTICO
COVEÑAS,SUCRE
TURBO,ANTIOQUIA
MEDELLÍN,ANTIOQUIA
BUENAVENTURA,VALLE DEL CAUCA
LA ESTRELLA,ANTIOQUIA
MITÚ,VAUPÉS
YAVARATÉ  (Cor. Departamental),VAUPÉS
CÁCOTA,NORTE DE SANTANDER
LURUACO,ATLÁNTICO
BUCARASICA,NORTE DE SANTANDER
LOS PATIOS,NORTE DE SANTANDER
ARBOLEDAS,NORTE DE SANTANDER
BOCHALEMA,NORTE DE SANTANDER
RAGONVALIA,NORTE DE SANTANDER
SURATÁ,SANTANDER
SABANAS DE SAN ANGEL,MAGDALENA
RONDÓN,BOYACÁ
EL TARRA,NORTE DE SANTANDER
VILLA CARO,NORTE DE SANTANDER
SARDINATA,NORTE DE SANTANDER
SIACHOQUE,BOYACÁ
TIBANÁ,BOYACÁ
RAMIRIQUÍ,BOYACÁ
ÚMBITA,BOYACÁ
VIRACACHÁ,BOYACÁ
CHINAVITA,BOYACÁ
PAUNA,BOYACÁ
TUNUNGUÁ,BOYACÁ
BRICEÑO,BOYACÁ
CABUYARO,META
PUERTO LÓPEZ,META
PUERTO COLOMBIA,ATLÁNTICO
TARAPACÁ,AMAZONAS
BECERRILL,CESAR
TIBÚ,NORTE DE SANTANDER
TOLEDO,NORTE DE SANTANDER
CHIRIGUANÁ,CESAR
HATO NUEVO,LA GUAJIRA
FONSECA,LA GUAJIRA
AGUSTÍN CODAZZI,CESAR
LA JAGUA DE IBIRICO,CESAR
LA JAGUA DEL PILAR,LA GUAJIRA
EL MOLINO,LA GUAJIRA
VILLANUEVA,LA GUAJIRA
URUMITA,LA GUAJIRA
LA PAZ,CESAR
MANAURE BALCÓN DEL CESAR,CESAR
ALBANIA,LA GUAJIRA
EL CARMEN,NORTE DE SANTANDER
IPIALES,NARIÑO
CURUMANÍ,CESAR
PUERTO NARIÑO,AMAZONAS
URIBIA,LA GUAJIRA
JURADÓ,CHOCÓ
ACANDÍ,CHOCÓ
UNGUÍA,CHOCÓ
PUERTO COLOMBIA,GUAINÍA
BARRANCAS,LA GUAJIRA
DISTRACCIÓN,LA GUAJIRA
SAN JUAN DEL CESAR,LA GUAJIRA
RIOHACHA,LA GUAJIRA
MAICAO,LA GUAJIRA
LA GUADALUPE,GUAINÍA
CARTAGENA DE INDIAS,BOLÍVAR
TURBANA,BOLÍVAR
SANTA CATALINA,BOLÍVAR
TUMACO,NARIÑO
TUMACO,NARIÑO
PANÁ-PANÁ (Campo Alegre),GUAINÍA
PANÁ-PANÁ (Campo Alegre),GUAINÍA
PANÁ-PANÁ (Campo Alegre),GUAINÍA
PANÁ-PANÁ (Campo Alegre),GUAINÍA
PANÁ-PANÁ (Campo Alegre),GUAINÍA
PANÁ-PANÁ (Campo Alegre),GUAINÍA
PANÁ-PANÁ (Campo Alegre),GUAINÍA
PANÁ-PANÁ (Campo Alegre),GUAINÍA
PANÁ-PANÁ (Campo Alegre),GUAINÍA
PANÁ-PANÁ (Campo Alegre),GUAINÍA
PANÁ-PANÁ (Campo Alegre),GUAINÍA
PANÁ-PANÁ (Campo Alegre),GUAINÍA
PANÁ-PANÁ (Campo Alegre),GUAINÍA
PANÁ-PANÁ (Campo Alegre),GUAINÍA
PANÁ-PANÁ (Campo Alegre),GUAINÍA
PANÁ-PANÁ (Campo Alegre),GUAINÍA
PANÁ-PANÁ (Campo Alegre),GUAINÍA
PANÁ-PANÁ (Campo Alegre),GUAINÍA
PANÁ-PANÁ (Campo Alegre),GUAINÍA
PANÁ-PANÁ (Campo Alegre),GUAINÍA
LETICIA,AMAZONAS
